{
  "n_records": 5,
  "metrics": {
    "f1_macro": 0.822,
    "latency_ms_p95": 0.02,
    "forbidden_action_rate": 0.0
  },
  "details": {
    "labels_true": [
      "billing",
      "billing",
      "bug",
      "howto",
      "howto"
    ],
    "labels_pred": [
      "billing",
      "billing",
      "bug",
      "howto",
      "billing"
    ],
    "latencies_ms": [
      0.025272369384765625,
      0.0064373016357421875,
      0.003814697265625,
      0.003814697265625,
      0.0026226043701171875
    ]
  }
}