{
  "n_records": 5,
  "metrics": {
    "f1_macro": 0.822,
    "latency_ms_p95": 0.01,
    "forbidden_action_rate": 0.0
  },
  "details": {
    "labels_true": [
      "billing",
      "billing",
      "bug",
      "howto",
      "howto"
    ],
    "labels_pred": [
      "billing",
      "billing",
      "bug",
      "howto",
      "billing"
    ],
    "latencies_ms": [
      0.011205673217773438,
      0.004291534423828125,
      0.0030994415283203125,
      0.0026226043701171875,
      0.0016689300537109375
    ]
  }
}